{"articles":[
    {
"type":"graphicdesign",
"src":"assets/images/graphicDesign/1.jpg",
"href":"#/Photography"
    },
    {
  "type":"graphicdesign",
"src":"assets/images/graphicDesign/2.jpg",
"href":"#/Photography"
    },
      {
  "type":"graphicdesign",
"src":"assets/images/graphicDesign/3.jpg",
"href":"#/Photography"
    },
      {
  "type":"graphicdesign",
"src":"assets/images/graphicDesign/7.jpg",
"href":"#/Photography"
    },
        {
  "type":"graphicdesign",
"src":"assets/images/graphicDesign/5.jpg",
"href":"#/Photography"
    },
            {
  "type":"graphicdesign",
"src":"assets/images/graphicDesign/6.jpg",
"href":"#/Photography"
    },
      {
"type":"graphicdesign",
"src":"assets/images/graphicdesign/4.jpg",
"href":"#/Photography"
    },
    {
  "type":"graphicdesign",
"src":"assets/images/graphicdesign/8.jpg",
"href":"#/Photography"
    }
]
}